event_slug,game_id,market_id,market_slug,question,sports_market_type,group_item_title,group_item_threshold,neg_risk_market_id,question_id,series_slug,tags,market_type,classification_confidence,classification_reason,active,closed,enable_order_book,clob_token_ids_count,processable
fifwc-arg-alg-2026-06-16,90086925,1897089,fifwc-arg-alg-2026-06-16-draw,Will Argentina vs. Algeria end in a draw?,moneyline,Draw (Argentina vs. Algeria),1,0xf6139c35490808d9b4505e475ea62dfa7c27c860d4e56275ea51b5f025374c00,0xf6139c35490808d9b4505e475ea62dfa7c27c860d4e56275ea51b5f025374c01,soccer-fifwc,sports;fifa-world-cup;games;soccer,match_binary_draw,high,sportsMarketType=moneyline.,True,False,True,2,True
fifwc-arg-alg-2026-06-16,90086925,1897090,fifwc-arg-alg-2026-06-16-alg,Will Algeria win on 2026-06-16?,moneyline,Algeria,2,0xf6139c35490808d9b4505e475ea62dfa7c27c860d4e56275ea51b5f025374c00,0xf6139c35490808d9b4505e475ea62dfa7c27c860d4e56275ea51b5f025374c02,soccer-fifwc,sports;fifa-world-cup;games;soccer,match_binary_away,high,sportsMarketType=moneyline.,True,False,True,2,True
fifwc-arg-alg-2026-06-16,90086925,1897088,fifwc-arg-alg-2026-06-16-arg,Will Argentina win on 2026-06-16?,moneyline,Argentina,0,0xf6139c35490808d9b4505e475ea62dfa7c27c860d4e56275ea51b5f025374c00,0xf6139c35490808d9b4505e475ea62dfa7c27c860d4e56275ea51b5f025374c00,soccer-fifwc,sports;fifa-world-cup;games;soccer,match_binary_home,high,sportsMarketType=moneyline.,True,False,True,2,True
fifwc-aus-tur-2026-06-14,90086914,1897056,fifwc-aus-tur-2026-06-14-draw,Will Australia vs. Türkiye end in a draw?,moneyline,Draw (Australia vs. Türkiye),1,0x1728d4c7fe3189125aac840d6d27a28ed9b203b08ef5ad5e0e162c9d0c5e2500,0x1728d4c7fe3189125aac840d6d27a28ed9b203b08ef5ad5e0e162c9d0c5e2501,soccer-fifwc,games;fifa-world-cup;sports;soccer,match_binary_draw,high,sportsMarketType=moneyline.,True,False,True,2,True
fifwc-aus-tur-2026-06-14,90086914,1897057,fifwc-aus-tur-2026-06-14-tur,Will Türkiye win on 2026-06-14?,moneyline,Türkiye,2,0x1728d4c7fe3189125aac840d6d27a28ed9b203b08ef5ad5e0e162c9d0c5e2500,0x1728d4c7fe3189125aac840d6d27a28ed9b203b08ef5ad5e0e162c9d0c5e2502,soccer-fifwc,games;fifa-world-cup;sports;soccer,match_binary_away,high,sportsMarketType=moneyline.,True,False,True,2,True
fifwc-aus-tur-2026-06-14,90086914,1897055,fifwc-aus-tur-2026-06-14-aus,Will Australia win on 2026-06-14?,moneyline,Australia,0,0x1728d4c7fe3189125aac840d6d27a28ed9b203b08ef5ad5e0e162c9d0c5e2500,0x1728d4c7fe3189125aac840d6d27a28ed9b203b08ef5ad5e0e162c9d0c5e2500,soccer-fifwc,games;fifa-world-cup;sports;soccer,match_binary_home,high,sportsMarketType=moneyline.,True,False,True,2,True
fifwc-aut-jor-2026-06-17,90086926,1897091,fifwc-aut-jor-2026-06-17-aut,Will Austria win on 2026-06-17?,moneyline,Austria,0,0x4673b93f56c5ece685d6fc3496d4d416c986ebfd0cfcf4d02fbe8eb3c7595e00,0x4673b93f56c5ece685d6fc3496d4d416c986ebfd0cfcf4d02fbe8eb3c7595e00,soccer-fifwc,sports;games;soccer;fifa-world-cup,match_binary_home,high,sportsMarketType=moneyline.,True,False,True,2,True
fifwc-aut-jor-2026-06-17,90086926,1897092,fifwc-aut-jor-2026-06-17-draw,Will Austria vs. Jordan end in a draw?,moneyline,Draw (Austria vs. Jordan),1,0x4673b93f56c5ece685d6fc3496d4d416c986ebfd0cfcf4d02fbe8eb3c7595e00,0x4673b93f56c5ece685d6fc3496d4d416c986ebfd0cfcf4d02fbe8eb3c7595e01,soccer-fifwc,sports;games;soccer;fifa-world-cup,match_binary_draw,high,sportsMarketType=moneyline.,True,False,True,2,True
fifwc-aut-jor-2026-06-17,90086926,1897093,fifwc-aut-jor-2026-06-17-jor,Will Jordan win on 2026-06-17?,moneyline,Jordan,2,0x4673b93f56c5ece685d6fc3496d4d416c986ebfd0cfcf4d02fbe8eb3c7595e00,0x4673b93f56c5ece685d6fc3496d4d416c986ebfd0cfcf4d02fbe8eb3c7595e02,soccer-fifwc,sports;games;soccer;fifa-world-cup,match_binary_away,high,sportsMarketType=moneyline.,True,False,True,2,True
fifwc-bel-egy-2026-06-15,90086920,1897074,fifwc-bel-egy-2026-06-15-draw,Will Belgium vs. Egypt end in a draw?,moneyline,Draw (Belgium vs. Egypt),1,0xa7c760da9bbd130e56bd7069e9b77a54e84b186a57cae4abbc3c98db3352e600,0xa7c760da9bbd130e56bd7069e9b77a54e84b186a57cae4abbc3c98db3352e601,soccer-fifwc,soccer;fifa-world-cup;sports;games,match_binary_draw,high,sportsMarketType=moneyline.,True,False,True,2,True
fifwc-bel-egy-2026-06-15,90086920,1897075,fifwc-bel-egy-2026-06-15-egy,Will Egypt win on 2026-06-15?,moneyline,Egypt,2,0xa7c760da9bbd130e56bd7069e9b77a54e84b186a57cae4abbc3c98db3352e600,0xa7c760da9bbd130e56bd7069e9b77a54e84b186a57cae4abbc3c98db3352e602,soccer-fifwc,soccer;fifa-world-cup;sports;games,match_binary_away,high,sportsMarketType=moneyline.,True,False,True,2,True
fifwc-bel-egy-2026-06-15,90086920,1897073,fifwc-bel-egy-2026-06-15-bel,Will Belgium win on 2026-06-15?,moneyline,Belgium,0,0xa7c760da9bbd130e56bd7069e9b77a54e84b186a57cae4abbc3c98db3352e600,0xa7c760da9bbd130e56bd7069e9b77a54e84b186a57cae4abbc3c98db3352e600,soccer-fifwc,soccer;fifa-world-cup;sports;games,match_binary_home,high,sportsMarketType=moneyline.,True,False,True,2,True
fifwc-bra-mar-2026-06-13,90086913,1897051,fifwc-bra-mar-2026-06-13-mar,Will Morocco win on 2026-06-13?,moneyline,Morocco,2,0x9f1feb0ec084a8d00dcf6d59bc42ef8e5e6c66329508f5f30be001c99e6f0d00,0x9f1feb0ec084a8d00dcf6d59bc42ef8e5e6c66329508f5f30be001c99e6f0d02,soccer-fifwc,soccer;fifa-world-cup;sports;games,match_binary_away,high,sportsMarketType=moneyline.,True,False,True,2,True
fifwc-bra-mar-2026-06-13,90086913,1897049,fifwc-bra-mar-2026-06-13-bra,Will Brazil win on 2026-06-13?,moneyline,Brazil,0,0x9f1feb0ec084a8d00dcf6d59bc42ef8e5e6c66329508f5f30be001c99e6f0d00,0x9f1feb0ec084a8d00dcf6d59bc42ef8e5e6c66329508f5f30be001c99e6f0d00,soccer-fifwc,soccer;fifa-world-cup;sports;games,match_binary_home,high,sportsMarketType=moneyline.,True,False,True,2,True
fifwc-bra-mar-2026-06-13,90086913,1897050,fifwc-bra-mar-2026-06-13-draw,Will Brazil vs. Morocco end in a draw?,moneyline,Draw (Brazil vs. Morocco),1,0x9f1feb0ec084a8d00dcf6d59bc42ef8e5e6c66329508f5f30be001c99e6f0d00,0x9f1feb0ec084a8d00dcf6d59bc42ef8e5e6c66329508f5f30be001c99e6f0d01,soccer-fifwc,soccer;fifa-world-cup;sports;games,match_binary_draw,high,sportsMarketType=moneyline.,True,False,True,2,True
fifwc-can-bih-2026-06-12,90086909,1897041,fifwc-can-bih-2026-06-12-draw,Will Canada vs. Bosnia and Herzegovina end in a draw?,moneyline,Draw (Canada vs. Bosnia-Herzegovina),1,0xa9ed591d8482f292c37643a6b0a94f19b5faa91f5a238717b252204c95b26900,0xa9ed591d8482f292c37643a6b0a94f19b5faa91f5a238717b252204c95b26901,soccer-fifwc,fifa-world-cup;games;soccer;sports,match_binary_draw,high,sportsMarketType=moneyline.,True,False,True,2,True
fifwc-can-bih-2026-06-12,90086909,1897042,fifwc-can-bih-2026-06-12-bih,Will Bosnia and Herzegovina win on 2026-06-12?,moneyline,Bosnia-Herzegovina,2,0xa9ed591d8482f292c37643a6b0a94f19b5faa91f5a238717b252204c95b26900,0xa9ed591d8482f292c37643a6b0a94f19b5faa91f5a238717b252204c95b26902,soccer-fifwc,fifa-world-cup;games;soccer;sports,match_binary_away,high,sportsMarketType=moneyline.,True,False,True,2,True
fifwc-can-bih-2026-06-12,90086909,1897040,fifwc-can-bih-2026-06-12-can,Will Canada win on 2026-06-12?,moneyline,Canada,0,0xa9ed591d8482f292c37643a6b0a94f19b5faa91f5a238717b252204c95b26900,0xa9ed591d8482f292c37643a6b0a94f19b5faa91f5a238717b252204c95b26900,soccer-fifwc,fifa-world-cup;games;soccer;sports,match_binary_home,high,sportsMarketType=moneyline.,True,False,True,2,True
fifwc-civ-ecu-2026-06-14,90086915,1897065,fifwc-civ-ecu-2026-06-14-draw,Will Côte d'Ivoire vs. Ecuador end in a draw?,moneyline,Draw (Côte d'Ivoire vs. Ecuador),1,0x4f399d3832b76f7dabdc546e404661d55a8e4e6f0864bdd837204c826e8abd00,0x4f399d3832b76f7dabdc546e404661d55a8e4e6f0864bdd837204c826e8abd01,soccer-fifwc,sports;games;soccer;fifa-world-cup,match_binary_draw,high,sportsMarketType=moneyline.,True,False,True,2,True
fifwc-civ-ecu-2026-06-14,90086915,1897066,fifwc-civ-ecu-2026-06-14-ecu,Will Ecuador win on 2026-06-14?,moneyline,Ecuador,2,0x4f399d3832b76f7dabdc546e404661d55a8e4e6f0864bdd837204c826e8abd00,0x4f399d3832b76f7dabdc546e404661d55a8e4e6f0864bdd837204c826e8abd02,soccer-fifwc,sports;games;soccer;fifa-world-cup,match_binary_away,high,sportsMarketType=moneyline.,True,False,True,2,True
fifwc-civ-ecu-2026-06-14,90086915,1897064,fifwc-civ-ecu-2026-06-14-civ,Will Côte d'Ivoire win on 2026-06-14?,moneyline,Côte d'Ivoire,0,0x4f399d3832b76f7dabdc546e404661d55a8e4e6f0864bdd837204c826e8abd00,0x4f399d3832b76f7dabdc546e404661d55a8e4e6f0864bdd837204c826e8abd00,soccer-fifwc,sports;games;soccer;fifa-world-cup,match_binary_home,high,sportsMarketType=moneyline.,True,False,True,2,True
fifwc-eng-hrv-2026-06-17,90086930,1897099,fifwc-eng-hrv-2026-06-17-hrv,Will Croatia win on 2026-06-17?,moneyline,Croatia,2,0x2edc09a8ddef3bb07a0397d8b08916a8fd302b6aba879eb1315aafa860aaa800,0x2edc09a8ddef3bb07a0397d8b08916a8fd302b6aba879eb1315aafa860aaa802,soccer-fifwc,sports;soccer;fifa-world-cup;games,match_binary_away,high,sportsMarketType=moneyline.,True,False,True,2,True
fifwc-eng-hrv-2026-06-17,90086930,1897097,fifwc-eng-hrv-2026-06-17-eng,Will England win on 2026-06-17?,moneyline,England,0,0x2edc09a8ddef3bb07a0397d8b08916a8fd302b6aba879eb1315aafa860aaa800,0x2edc09a8ddef3bb07a0397d8b08916a8fd302b6aba879eb1315aafa860aaa800,soccer-fifwc,sports;soccer;fifa-world-cup;games,match_binary_home,high,sportsMarketType=moneyline.,True,False,True,2,True
fifwc-eng-hrv-2026-06-17,90086930,1897098,fifwc-eng-hrv-2026-06-17-draw,Will England vs. Croatia end in a draw?,moneyline,Draw (England vs. Croatia),1,0x2edc09a8ddef3bb07a0397d8b08916a8fd302b6aba879eb1315aafa860aaa800,0x2edc09a8ddef3bb07a0397d8b08916a8fd302b6aba879eb1315aafa860aaa801,soccer-fifwc,sports;soccer;fifa-world-cup;games,match_binary_draw,high,sportsMarketType=moneyline.,True,False,True,2,True
fifwc-esp-cvi-2026-06-15,90086922,1897070,fifwc-esp-cvi-2026-06-15-esp,Will Spain win on 2026-06-15?,moneyline,Spain,0,0x521c88dd1ac8087839a9bce309a1471472c610632e9d612d8fcdfcfdb6dc0000,0x521c88dd1ac8087839a9bce309a1471472c610632e9d612d8fcdfcfdb6dc0000,soccer-fifwc,soccer;sports;games;fifa-world-cup,match_binary_home,high,sportsMarketType=moneyline.,True,False,True,2,True
fifwc-esp-cvi-2026-06-15,90086922,1897071,fifwc-esp-cvi-2026-06-15-draw,Will Spain vs. Cabo Verde end in a draw?,moneyline,Draw (Spain vs. Cabo Verde),1,0x521c88dd1ac8087839a9bce309a1471472c610632e9d612d8fcdfcfdb6dc0000,0x521c88dd1ac8087839a9bce309a1471472c610632e9d612d8fcdfcfdb6dc0001,soccer-fifwc,soccer;sports;games;fifa-world-cup,match_binary_draw,high,sportsMarketType=moneyline.,True,False,True,2,True
fifwc-esp-cvi-2026-06-15,90086922,1897072,fifwc-esp-cvi-2026-06-15-cvi,Will Cabo Verde win on 2026-06-15?,moneyline,Cabo Verde,2,0x521c88dd1ac8087839a9bce309a1471472c610632e9d612d8fcdfcfdb6dc0000,0x521c88dd1ac8087839a9bce309a1471472c610632e9d612d8fcdfcfdb6dc0002,soccer-fifwc,soccer;sports;games;fifa-world-cup,match_binary_away,high,sportsMarketType=moneyline.,True,False,True,2,True
fifwc-fra-sen-2026-06-16,90086923,1897082,fifwc-fra-sen-2026-06-16-fra,Will France win on 2026-06-16?,moneyline,France,0,0x84a53cef3f82f2e35f78cf84fa23c037764d57d3b310115508fb8636d6fedf00,0x84a53cef3f82f2e35f78cf84fa23c037764d57d3b310115508fb8636d6fedf00,soccer-fifwc,sports;fifa-world-cup;games;soccer,match_binary_home,high,sportsMarketType=moneyline.,True,False,True,2,True
fifwc-fra-sen-2026-06-16,90086923,1897084,fifwc-fra-sen-2026-06-16-sen,Will Senegal win on 2026-06-16?,moneyline,Senegal,2,0x84a53cef3f82f2e35f78cf84fa23c037764d57d3b310115508fb8636d6fedf00,0x84a53cef3f82f2e35f78cf84fa23c037764d57d3b310115508fb8636d6fedf02,soccer-fifwc,sports;fifa-world-cup;games;soccer,match_binary_away,high,sportsMarketType=moneyline.,True,False,True,2,True
fifwc-fra-sen-2026-06-16,90086923,1897083,fifwc-fra-sen-2026-06-16-draw,Will France vs. Senegal end in a draw?,moneyline,Draw (France vs. Senegal),1,0x84a53cef3f82f2e35f78cf84fa23c037764d57d3b310115508fb8636d6fedf00,0x84a53cef3f82f2e35f78cf84fa23c037764d57d3b310115508fb8636d6fedf01,soccer-fifwc,sports;fifa-world-cup;games;soccer,match_binary_draw,high,sportsMarketType=moneyline.,True,False,True,2,True
fifwc-ger-kor-2026-06-14,90086916,1897058,fifwc-ger-kor-2026-06-14-ger,Will Germany win on 2026-06-14?,moneyline,Germany,0,0xdecd43207c07daadbe8dc6038d205f1db4b3039ccd672fc49a08fd0bfee66000,0xdecd43207c07daadbe8dc6038d205f1db4b3039ccd672fc49a08fd0bfee66000,soccer-fifwc,sports;games;fifa-world-cup;soccer,match_binary_home,high,sportsMarketType=moneyline.,True,False,True,2,True
fifwc-ger-kor-2026-06-14,90086916,1897060,fifwc-ger-kor-2026-06-14-kor,Will Curaçao win on 2026-06-14?,moneyline,Curaçao,2,0xdecd43207c07daadbe8dc6038d205f1db4b3039ccd672fc49a08fd0bfee66000,0xdecd43207c07daadbe8dc6038d205f1db4b3039ccd672fc49a08fd0bfee66002,soccer-fifwc,sports;games;fifa-world-cup;soccer,match_binary_away,high,sportsMarketType=moneyline.,True,False,True,2,True
fifwc-ger-kor-2026-06-14,90086916,1897059,fifwc-ger-kor-2026-06-14-draw,Will Germany vs. Curaçao end in a draw?,moneyline,Draw (Germany vs. Curaçao),1,0xdecd43207c07daadbe8dc6038d205f1db4b3039ccd672fc49a08fd0bfee66000,0xdecd43207c07daadbe8dc6038d205f1db4b3039ccd672fc49a08fd0bfee66001,soccer-fifwc,sports;games;fifa-world-cup;soccer,match_binary_draw,high,sportsMarketType=moneyline.,True,False,True,2,True
fifwc-gha-pan-2026-06-17,90086929,1897100,fifwc-gha-pan-2026-06-17-gha,Will Ghana win on 2026-06-17?,moneyline,Ghana,0,0x84de5ae9e6c665a98b660809537dd4660a9ca80ac78271cc69eb61eec7fc3f00,0x84de5ae9e6c665a98b660809537dd4660a9ca80ac78271cc69eb61eec7fc3f00,soccer-fifwc,games;sports;soccer;fifa-world-cup,match_binary_home,high,sportsMarketType=moneyline.,True,False,True,2,True
fifwc-gha-pan-2026-06-17,90086929,1897101,fifwc-gha-pan-2026-06-17-draw,Will Ghana vs. Panama end in a draw?,moneyline,Draw (Ghana vs. Panama),1,0x84de5ae9e6c665a98b660809537dd4660a9ca80ac78271cc69eb61eec7fc3f00,0x84de5ae9e6c665a98b660809537dd4660a9ca80ac78271cc69eb61eec7fc3f01,soccer-fifwc,games;sports;soccer;fifa-world-cup,match_binary_draw,high,sportsMarketType=moneyline.,True,False,True,2,True
fifwc-gha-pan-2026-06-17,90086929,1897102,fifwc-gha-pan-2026-06-17-pan,Will Panama win on 2026-06-17?,moneyline,Panama,2,0x84de5ae9e6c665a98b660809537dd4660a9ca80ac78271cc69eb61eec7fc3f00,0x84de5ae9e6c665a98b660809537dd4660a9ca80ac78271cc69eb61eec7fc3f02,soccer-fifwc,games;sports;soccer;fifa-world-cup,match_binary_away,high,sportsMarketType=moneyline.,True,False,True,2,True
fifwc-hai-sco-2026-06-13,90086912,1897054,fifwc-hai-sco-2026-06-13-sco,Will Scotland win on 2026-06-13?,moneyline,Scotland,2,0x4c6141c82839e7a2fd4c03fe39048e5c48b2a6bd23a50d62b29b245223806300,0x4c6141c82839e7a2fd4c03fe39048e5c48b2a6bd23a50d62b29b245223806302,soccer-fifwc,games;soccer;sports;fifa-world-cup,match_binary_away,high,sportsMarketType=moneyline.,True,False,True,2,True
fifwc-hai-sco-2026-06-13,90086912,1897052,fifwc-hai-sco-2026-06-13-hai,Will Haiti win on 2026-06-13?,moneyline,Haiti,0,0x4c6141c82839e7a2fd4c03fe39048e5c48b2a6bd23a50d62b29b245223806300,0x4c6141c82839e7a2fd4c03fe39048e5c48b2a6bd23a50d62b29b245223806300,soccer-fifwc,games;soccer;sports;fifa-world-cup,match_binary_home,high,sportsMarketType=moneyline.,True,False,True,2,True
fifwc-hai-sco-2026-06-13,90086912,1897053,fifwc-hai-sco-2026-06-13-draw,Will Haiti vs. Scotland end in a draw?,moneyline,Draw (Haiti vs. Scotland),1,0x4c6141c82839e7a2fd4c03fe39048e5c48b2a6bd23a50d62b29b245223806300,0x4c6141c82839e7a2fd4c03fe39048e5c48b2a6bd23a50d62b29b245223806301,soccer-fifwc,games;soccer;sports;fifa-world-cup,match_binary_draw,high,sportsMarketType=moneyline.,True,False,True,2,True
fifwc-irn-nzl-2026-06-15,90086919,1897079,fifwc-irn-nzl-2026-06-15-irn,Will IR Iran win on 2026-06-15?,moneyline,IR Iran,0,0x5c860f83b91b6cbfb82d6758ffc1f91f7e317790c561c3758e135e95f0f2ee00,0x5c860f83b91b6cbfb82d6758ffc1f91f7e317790c561c3758e135e95f0f2ee00,soccer-fifwc,games;fifa-world-cup;sports;soccer,match_binary_home,high,sportsMarketType=moneyline.,True,False,True,2,True
fifwc-irn-nzl-2026-06-15,90086919,1897080,fifwc-irn-nzl-2026-06-15-draw,Will IR Iran vs. New Zealand end in a draw?,moneyline,Draw (IR Iran vs. New Zealand),1,0x5c860f83b91b6cbfb82d6758ffc1f91f7e317790c561c3758e135e95f0f2ee00,0x5c860f83b91b6cbfb82d6758ffc1f91f7e317790c561c3758e135e95f0f2ee01,soccer-fifwc,games;fifa-world-cup;sports;soccer,match_binary_draw,high,sportsMarketType=moneyline.,True,False,True,2,True
fifwc-irn-nzl-2026-06-15,90086919,1897081,fifwc-irn-nzl-2026-06-15-nzl,Will New Zealand win on 2026-06-15?,moneyline,New Zealand,2,0x5c860f83b91b6cbfb82d6758ffc1f91f7e317790c561c3758e135e95f0f2ee00,0x5c860f83b91b6cbfb82d6758ffc1f91f7e317790c561c3758e135e95f0f2ee02,soccer-fifwc,games;fifa-world-cup;sports;soccer,match_binary_away,high,sportsMarketType=moneyline.,True,False,True,2,True
fifwc-irq-nor-2026-06-16,90086924,1897086,fifwc-irq-nor-2026-06-16-draw,Will Iraq vs. Norway end in a draw?,moneyline,Draw (Iraq vs. Norway),1,0x10d35198faaa31ee76a028d7e31a933cfcacfbfe8357733d367062f766b95c00,0x10d35198faaa31ee76a028d7e31a933cfcacfbfe8357733d367062f766b95c01,soccer-fifwc,sports;games;soccer;fifa-world-cup,match_binary_draw,high,sportsMarketType=moneyline.,True,False,True,2,True
fifwc-irq-nor-2026-06-16,90086924,1897085,fifwc-irq-nor-2026-06-16-irq,Will Iraq win on 2026-06-16?,moneyline,Iraq,0,0x10d35198faaa31ee76a028d7e31a933cfcacfbfe8357733d367062f766b95c00,0x10d35198faaa31ee76a028d7e31a933cfcacfbfe8357733d367062f766b95c00,soccer-fifwc,sports;games;soccer;fifa-world-cup,match_binary_home,high,sportsMarketType=moneyline.,True,False,True,2,True
fifwc-irq-nor-2026-06-16,90086924,1897087,fifwc-irq-nor-2026-06-16-nor,Will Norway win on 2026-06-16?,moneyline,Norway,2,0x10d35198faaa31ee76a028d7e31a933cfcacfbfe8357733d367062f766b95c00,0x10d35198faaa31ee76a028d7e31a933cfcacfbfe8357733d367062f766b95c02,soccer-fifwc,sports;games;soccer;fifa-world-cup,match_binary_away,high,sportsMarketType=moneyline.,True,False,True,2,True
fifwc-kr-cze-2026-06-11,90086907,1897038,fifwc-kr-cze-2026-06-11-draw,Will Korea Republic vs. Czechia end in a draw?,moneyline,Draw (Korea Republic vs. Czechia),1,0x65fcf392b7af51cf53a08493a014e39423af4b9cea28f555153a5444d2e40200,0x65fcf392b7af51cf53a08493a014e39423af4b9cea28f555153a5444d2e40201,soccer-fifwc,sports;games;soccer;fifa-world-cup,match_binary_draw,high,sportsMarketType=moneyline.,True,False,True,2,True
fifwc-kr-cze-2026-06-11,90086907,1897039,fifwc-kr-cze-2026-06-11-cze,Will Czechia win on 2026-06-11?,moneyline,Czechia,2,0x65fcf392b7af51cf53a08493a014e39423af4b9cea28f555153a5444d2e40200,0x65fcf392b7af51cf53a08493a014e39423af4b9cea28f555153a5444d2e40202,soccer-fifwc,sports;games;soccer;fifa-world-cup,match_binary_away,high,sportsMarketType=moneyline.,True,False,True,2,True
fifwc-kr-cze-2026-06-11,90086907,1897037,fifwc-kr-cze-2026-06-11-kr,Will Korea Republic win on 2026-06-11?,moneyline,Korea Republic,0,0x65fcf392b7af51cf53a08493a014e39423af4b9cea28f555153a5444d2e40200,0x65fcf392b7af51cf53a08493a014e39423af4b9cea28f555153a5444d2e40200,soccer-fifwc,sports;games;soccer;fifa-world-cup,match_binary_home,high,sportsMarketType=moneyline.,True,False,True,2,True
fifwc-ksa-ury-2026-06-15,90086921,1897076,fifwc-ksa-ury-2026-06-15-ksa,Will Saudi Arabia win on 2026-06-15?,moneyline,Saudi Arabia,0,0x52a5c31ca46be6ec17580878a177261804051173c090e6fdf570febf1048ce00,0x52a5c31ca46be6ec17580878a177261804051173c090e6fdf570febf1048ce00,soccer-fifwc,games;sports;soccer;fifa-world-cup,match_binary_home,high,sportsMarketType=moneyline.,True,False,True,2,True
fifwc-ksa-ury-2026-06-15,90086921,1897077,fifwc-ksa-ury-2026-06-15-draw,Will Saudi Arabia vs. Uruguay end in a draw?,moneyline,Draw (Saudi Arabia vs. Uruguay),1,0x52a5c31ca46be6ec17580878a177261804051173c090e6fdf570febf1048ce00,0x52a5c31ca46be6ec17580878a177261804051173c090e6fdf570febf1048ce01,soccer-fifwc,games;sports;soccer;fifa-world-cup,match_binary_draw,high,sportsMarketType=moneyline.,True,False,True,2,True
fifwc-ksa-ury-2026-06-15,90086921,1897078,fifwc-ksa-ury-2026-06-15-ury,Will Uruguay win on 2026-06-15?,moneyline,Uruguay,2,0x52a5c31ca46be6ec17580878a177261804051173c090e6fdf570febf1048ce00,0x52a5c31ca46be6ec17580878a177261804051173c090e6fdf570febf1048ce02,soccer-fifwc,games;sports;soccer;fifa-world-cup,match_binary_away,high,sportsMarketType=moneyline.,True,False,True,2,True
fifwc-mex-rsa-2026-06-11,90086908,1897034,fifwc-mex-rsa-2026-06-11-mex,Will Mexico win on 2026-06-11?,moneyline,Mexico,0,0x816007056c2c9465afd38c19e0e954c33d1a5c1c14a0e3002fee4281661c4700,0x816007056c2c9465afd38c19e0e954c33d1a5c1c14a0e3002fee4281661c4700,soccer-fifwc,sports;games;fifa-world-cup;soccer,match_binary_home,high,sportsMarketType=moneyline.,True,False,True,2,True
fifwc-mex-rsa-2026-06-11,90086908,1897035,fifwc-mex-rsa-2026-06-11-draw,Will Mexico vs. South Africa end in a draw?,moneyline,Draw (Mexico vs. South Africa),1,0x816007056c2c9465afd38c19e0e954c33d1a5c1c14a0e3002fee4281661c4700,0x816007056c2c9465afd38c19e0e954c33d1a5c1c14a0e3002fee4281661c4701,soccer-fifwc,sports;games;fifa-world-cup;soccer,match_binary_draw,high,sportsMarketType=moneyline.,True,False,True,2,True
fifwc-mex-rsa-2026-06-11,90086908,1897036,fifwc-mex-rsa-2026-06-11-rsa,Will South Africa win on 2026-06-11?,moneyline,South Africa,2,0x816007056c2c9465afd38c19e0e954c33d1a5c1c14a0e3002fee4281661c4700,0x816007056c2c9465afd38c19e0e954c33d1a5c1c14a0e3002fee4281661c4702,soccer-fifwc,sports;games;fifa-world-cup;soccer,match_binary_away,high,sportsMarketType=moneyline.,True,False,True,2,True
fifwc-nld-jpn-2026-06-14,90086917,1897063,fifwc-nld-jpn-2026-06-14-jpn,Will Japan win on 2026-06-14?,moneyline,Japan,2,0x2c90be2ac61a3f201b6c761a69e467b808f561157c1f28d26b312264d3ca8b00,0x2c90be2ac61a3f201b6c761a69e467b808f561157c1f28d26b312264d3ca8b02,soccer-fifwc,games;fifa-world-cup;sports;soccer,match_binary_away,high,sportsMarketType=moneyline.,True,False,True,2,True
fifwc-nld-jpn-2026-06-14,90086917,1897062,fifwc-nld-jpn-2026-06-14-draw,Will Netherlands vs. Japan end in a draw?,moneyline,Draw (Netherlands vs. Japan),1,0x2c90be2ac61a3f201b6c761a69e467b808f561157c1f28d26b312264d3ca8b00,0x2c90be2ac61a3f201b6c761a69e467b808f561157c1f28d26b312264d3ca8b01,soccer-fifwc,games;fifa-world-cup;sports;soccer,match_binary_draw,high,sportsMarketType=moneyline.,True,False,True,2,True
fifwc-nld-jpn-2026-06-14,90086917,1897061,fifwc-nld-jpn-2026-06-14-nld,Will Netherlands win on 2026-06-14?,moneyline,Netherlands,0,0x2c90be2ac61a3f201b6c761a69e467b808f561157c1f28d26b312264d3ca8b00,0x2c90be2ac61a3f201b6c761a69e467b808f561157c1f28d26b312264d3ca8b00,soccer-fifwc,games;fifa-world-cup;sports;soccer,match_binary_home,high,sportsMarketType=moneyline.,True,False,True,2,True
fifwc-prt-cdr-2026-06-17,90086927,1897096,fifwc-prt-cdr-2026-06-17-cdr,Will DR Congo win on 2026-06-17?,moneyline,DR Congo,2,0xbbccb6b6a4d7b0fd0f398034e06ebddb459bde2ae201cdc75840c3c33d5e5700,0xbbccb6b6a4d7b0fd0f398034e06ebddb459bde2ae201cdc75840c3c33d5e5702,soccer-fifwc,sports;games;soccer;fifa-world-cup,match_binary_away,high,sportsMarketType=moneyline.,True,False,True,2,True
fifwc-prt-cdr-2026-06-17,90086927,1897094,fifwc-prt-cdr-2026-06-17-prt,Will Portugal win on 2026-06-17?,moneyline,Portugal,0,0xbbccb6b6a4d7b0fd0f398034e06ebddb459bde2ae201cdc75840c3c33d5e5700,0xbbccb6b6a4d7b0fd0f398034e06ebddb459bde2ae201cdc75840c3c33d5e5700,soccer-fifwc,sports;games;soccer;fifa-world-cup,match_binary_home,high,sportsMarketType=moneyline.,True,False,True,2,True
fifwc-prt-cdr-2026-06-17,90086927,1897095,fifwc-prt-cdr-2026-06-17-draw,Will Portugal vs. DR Congo end in a draw?,moneyline,Draw (Portugal vs. DR Congo),1,0xbbccb6b6a4d7b0fd0f398034e06ebddb459bde2ae201cdc75840c3c33d5e5700,0xbbccb6b6a4d7b0fd0f398034e06ebddb459bde2ae201cdc75840c3c33d5e5701,soccer-fifwc,sports;games;soccer;fifa-world-cup,match_binary_draw,high,sportsMarketType=moneyline.,True,False,True,2,True
fifwc-qat-che-2026-06-13,90086911,1897047,fifwc-qat-che-2026-06-13-draw,Will Qatar vs. Switzerland end in a draw?,moneyline,Draw (Qatar vs. Switzerland),1,0xfa8f37f61accffbf74bb9ca8efcc21b3ebc70d83974fb1f86ce9c4b7a945a300,0xfa8f37f61accffbf74bb9ca8efcc21b3ebc70d83974fb1f86ce9c4b7a945a301,soccer-fifwc,sports;soccer;games;fifa-world-cup,match_binary_draw,high,sportsMarketType=moneyline.,True,False,True,2,True
fifwc-qat-che-2026-06-13,90086911,1897048,fifwc-qat-che-2026-06-13-che,Will Switzerland win on 2026-06-13?,moneyline,Switzerland,2,0xfa8f37f61accffbf74bb9ca8efcc21b3ebc70d83974fb1f86ce9c4b7a945a300,0xfa8f37f61accffbf74bb9ca8efcc21b3ebc70d83974fb1f86ce9c4b7a945a302,soccer-fifwc,sports;soccer;games;fifa-world-cup,match_binary_away,high,sportsMarketType=moneyline.,True,False,True,2,True
fifwc-qat-che-2026-06-13,90086911,1897046,fifwc-qat-che-2026-06-13-qat,Will Qatar win on 2026-06-13?,moneyline,Qatar,0,0xfa8f37f61accffbf74bb9ca8efcc21b3ebc70d83974fb1f86ce9c4b7a945a300,0xfa8f37f61accffbf74bb9ca8efcc21b3ebc70d83974fb1f86ce9c4b7a945a300,soccer-fifwc,sports;soccer;games;fifa-world-cup,match_binary_home,high,sportsMarketType=moneyline.,True,False,True,2,True
fifwc-swe-tun-2026-06-14,90086918,1897067,fifwc-swe-tun-2026-06-14-swe,Will Sweden win on 2026-06-14?,moneyline,Sweden,0,0xcd7a8d5e695262aa0439930e2122d83721b77c1dc104b1432b039afbb0e8de00,0xcd7a8d5e695262aa0439930e2122d83721b77c1dc104b1432b039afbb0e8de00,soccer-fifwc,sports;soccer;fifa-world-cup;games,match_binary_home,high,sportsMarketType=moneyline.,True,False,True,2,True
fifwc-swe-tun-2026-06-14,90086918,1897068,fifwc-swe-tun-2026-06-14-draw,Will Sweden vs. Tunisia end in a draw?,moneyline,Draw (Sweden vs. Tunisia),1,0xcd7a8d5e695262aa0439930e2122d83721b77c1dc104b1432b039afbb0e8de00,0xcd7a8d5e695262aa0439930e2122d83721b77c1dc104b1432b039afbb0e8de01,soccer-fifwc,sports;soccer;fifa-world-cup;games,match_binary_draw,high,sportsMarketType=moneyline.,True,False,True,2,True
fifwc-swe-tun-2026-06-14,90086918,1897069,fifwc-swe-tun-2026-06-14-tun,Will Tunisia win on 2026-06-14?,moneyline,Tunisia,2,0xcd7a8d5e695262aa0439930e2122d83721b77c1dc104b1432b039afbb0e8de00,0xcd7a8d5e695262aa0439930e2122d83721b77c1dc104b1432b039afbb0e8de02,soccer-fifwc,sports;soccer;fifa-world-cup;games,match_binary_away,high,sportsMarketType=moneyline.,True,False,True,2,True
fifwc-usa-par-2026-06-12,90086910,1897044,fifwc-usa-par-2026-06-12-draw,Will United States vs. Paraguay end in a draw?,moneyline,Draw (United States vs. Paraguay),1,0x63c3060bf7b3d08b42bd6f7a322e0fb5c06a2b4f7741a8c3549660311dc0fc00,0x63c3060bf7b3d08b42bd6f7a322e0fb5c06a2b4f7741a8c3549660311dc0fc01,soccer-fifwc,sports;games;soccer;fifa-world-cup,match_binary_draw,high,sportsMarketType=moneyline.,True,False,True,2,True
fifwc-usa-par-2026-06-12,90086910,1897043,fifwc-usa-par-2026-06-12-usa,Will United States win on 2026-06-12?,moneyline,United States,0,0x63c3060bf7b3d08b42bd6f7a322e0fb5c06a2b4f7741a8c3549660311dc0fc00,0x63c3060bf7b3d08b42bd6f7a322e0fb5c06a2b4f7741a8c3549660311dc0fc00,soccer-fifwc,sports;games;soccer;fifa-world-cup,match_binary_home,high,sportsMarketType=moneyline.,True,False,True,2,True
fifwc-usa-par-2026-06-12,90086910,1897045,fifwc-usa-par-2026-06-12-par,Will Paraguay win on 2026-06-12?,moneyline,Paraguay,2,0x63c3060bf7b3d08b42bd6f7a322e0fb5c06a2b4f7741a8c3549660311dc0fc00,0x63c3060bf7b3d08b42bd6f7a322e0fb5c06a2b4f7741a8c3549660311dc0fc02,soccer-fifwc,sports;games;soccer;fifa-world-cup,match_binary_away,high,sportsMarketType=moneyline.,True,False,True,2,True
fifwc-uzb-col-2026-06-17,90086928,1897103,fifwc-uzb-col-2026-06-17-uzb,Will Uzbekistan win on 2026-06-17?,moneyline,Uzbekistan,0,0xcaeb5501cdfc7e1cda6bb20c1e090c8327ffc894f6683cd449670991bc63a500,0xcaeb5501cdfc7e1cda6bb20c1e090c8327ffc894f6683cd449670991bc63a500,soccer-fifwc,sports;soccer;games;fifa-world-cup,match_binary_home,high,sportsMarketType=moneyline.,True,False,True,2,True
fifwc-uzb-col-2026-06-17,90086928,1897104,fifwc-uzb-col-2026-06-17-draw,Will Uzbekistan vs. Colombia end in a draw?,moneyline,Draw (Uzbekistan vs. Colombia),1,0xcaeb5501cdfc7e1cda6bb20c1e090c8327ffc894f6683cd449670991bc63a500,0xcaeb5501cdfc7e1cda6bb20c1e090c8327ffc894f6683cd449670991bc63a501,soccer-fifwc,sports;soccer;games;fifa-world-cup,match_binary_draw,high,sportsMarketType=moneyline.,True,False,True,2,True
fifwc-uzb-col-2026-06-17,90086928,1897105,fifwc-uzb-col-2026-06-17-col,Will Colombia win on 2026-06-17?,moneyline,Colombia,2,0xcaeb5501cdfc7e1cda6bb20c1e090c8327ffc894f6683cd449670991bc63a500,0xcaeb5501cdfc7e1cda6bb20c1e090c8327ffc894f6683cd449670991bc63a502,soccer-fifwc,sports;soccer;games;fifa-world-cup,match_binary_away,high,sportsMarketType=moneyline.,True,False,True,2,True
